{
    "exclude": [
        "**/node_modules",
        "**/__pycache__",
        "**/.git",
        "data",
        "legacy_code",
        "work_dirs"
    ],
    "reportUnknownMemberType": false,
    "reportUnannotatedClassAttribute": false,
    "reportUnusedCallResult": false,
    "reportUnknownParameterType": false,
    "reportUnknownVariableType": false,
    "reportUnknownArgumentType": false,
    "reportAny": false,
    "reportExplicitAny": false,
    "reportMissingParameterType": false,
    "reportArgumentType": false,
    "reportMissingTypeStubs": false,
    "reportOptionalMemberAccess": false,
    "reportImplicitOverride": false,
    "reportUntypedFunctionDecorator": false,
    "reportOperatorIssue": false,
    "reportIndexIssue": false,
    "reportUntypedNamedTuple": false,
    "reportImplicitStringConcatenation": false,
    "reportUnknownLambdaType": false,
    "reportPrivateLocalImportUsage": false,
    "reportOptionalOperand": false,
    "reportReturnType": false,
    "reportMissingTypeArgument": false,
    "reportCallIssue": false,
    "reportCallInDefaultInitializer": false,
    "reportIncompatibleMethodOverride": false,
    "reportAttributeAccessIssue": false,
    "reportPossiblyUnboundVariable": false,
    "reportMissingSuperCall": false,
    "reportOptionalSubscript": false,
    "reportImportCycles": false
}